set datestyle to 'European';

-- delete from secretary.student where true;

insert into config.user(userid, name, secondname, surname, secondsurname, username, password, email, userstate) values 
('1001', 'Ezequilito', 'De jesús', 'Urbina', 'Zeledón', 'ez-user1001', '12345', 'ezequielurbinaxoxoxo@gmail.com', true),
('1002', 'Kenny', 'Jordan', 'Tinoco', 'Cerda', 'kt-user1002', '54321', 'kennytinoco@gmail.com', true),
('1003', 'Mateo', 'José', 'Mercado', 'Parrila', 'mm-user1003', 'mjmp12345', 'ficticio@gmail.com', false);

insert into accounting.discount(discountid, description, amount, tag) values
(1, 'Sin descuento', 0, 'Sin descuento'),
(2, 'Descuento por hijos', 50, 'descuento básico'),
(3, 'Descuento por hijos del personal', 400, 'descuento trabajadores');

insert into accounting.tarifftype(description) values
('Mensualidad'),
('Utiles'),
('Otros');


insert into academy.grade(gradeid, schoolyear) values
('2019.11vo', '2019'),
('2023.1ro', '2023'),
('2023.2do', '2023'),
('2023.3ro', '2023'),
('2023.4to', '2023'),
('2023.5to', '2023'),
('2023.6to', '2023'),
('2023.7mo', '2023'),
('2023.8vo', '2023'),
('2023.9no', '2023'),
('2023.10mo', '2023'),
('2023.11vo', '2023'),
('2024.1ro', '2024'),
('2024.2do', '2024'),
('2024.3ro', '2024'),
('2024.4to', '2024'),
('2024.5to', '2024'),
('2024.6to', '2024'),
('2024.7mo', '2024'),
('2024.8vo', '2024'),
('2024.9no', '2024'),
('2024.10mo', '2024'),
('2024.11vo', '2024'); 
                                            

insert into academy.enrollment (enrollmentid, enrollmentlabel, section, schoolyear, capacity, quantity, gradeid) values
('2019.11voA', '11A', 'A', '2019', 30, 28, '2019.11vo'),
('2023.9noA', '9A', 'A', '2023', 25, 25, '2023.9no'),
('2023.9noB', '9B', 'B', '2023', 24, 24, '2023.9no'),
('2023.9noC', '9C', 'C', '2023', 20, 19, '2023.9no'),
('2024.1roA', '1A', 'A', '2024', 28, 28, '2024.1ro'),
('2024.1roB', '1B', 'B', '2024', 28, 28, '2024.1ro'),
('2024.1roC', '1C', 'C', '2024', 28, 20, '2024.1ro'),
('2024.2doA', '2A', 'A', '2024', 30, 30, '2024.1ro'),
('2024.3roA', '3A', 'A', '2024', 32, 32, '2024.1ro'),
('2024.4toA', '4A', 'A', '2024', 28, 28, '2024.1ro'),
('2024.5toA', '5A', 'A', '2024', 28, 25, '2024.1ro'),
('2024.6toA', '6A', 'A', '2024', 30, 30, '2024.1ro'),
('2024.6toB', '6B', 'B', '2024', 25, 19, '2024.1ro'),
('2024.7moA', '7A', 'A', '2024', 28, 27, '2024.1ro'),
('2024.8voA', '8A', 'A', '2024', 30, 30, '2024.1ro'),
('2024.9noA', '9A', 'A', '2024', 30, 30, '2024.1ro'),
('2024.10moA', '10A', 'A', '2024', 28, 28, '2024.1ro'),
('2024.11voA', '11A', 'A', '2024', 28, 28, '2024.1ro'),
('2024.11voB', '11B', 'B', '2024', 25, 20, '2024.1ro');

insert into accounting.cashier(cashierid, userid)  values
('caj-eurbina', '1001'),
('caj-ktinoco', '1002'),
('caj-mmercado', '1003');                                    

insert into accounting.tariff(schoolyear, concept, amount, duedate, late, typeid)  values
('2023', 'Pago mes septiembre', 700, '28/09/2023', true, 1),
('2023', 'Pago mes octubre', 700, '28/10/2023', true, 1),
('2023', 'Pago mes noviembre', 700, '28/11/2023', true, 1),
('2023', 'Pago treceavo mes', 700, '28/12/2023', true, 1),                                                                               
('2024', 'Pago de matricula', 1800, null, false, 1),
('2024', 'Pago mes febrero', 800, '28/02/2024', false, 1),
('2024', 'Pago mes marzo', 800, '28/03/2024', false, 1),
('2024', 'Pago mes abril', 800, '28/04/2024', false, 1),
('2024', 'Pago mes mayo', 800, '28/05/2024', false, 1),
('2024', 'Pago mes junio', 800, '28/06/2024', false, 1),
('2024', 'Pago mes julio', 800, '28/07/2024', false, 1),
('2024', 'Pago mes agosto', 800, '28/08/2024', false, 1),
('2024', 'Pago mes septiembre', 800, '28/09/2024', false, 1),
('2024', 'Pago mes octubre', 800, '28/10/2024', false, 1),
('2024', 'Pago mes noviembre', 800, '28/11/2024', false, 1),
('2023', 'Pago treceavo mes', 700, '28/12/2024', false, 1),
('2024', 'Pago buzo escolar', 500, null, false, 2),
('2024', 'Pago uniforme escolar', 300, null, false, 2),
('2024', 'Pago excursión', 800, null, false, 3);


insert into secretary.student (studentid, name, secondname, surname, secondsurname, studentstate, schoolyear, tutor, sex, birthday, enrollmentlabel) values
('2024.0478.kjtc', 'Kenny', 'Jordan', 'Tinoco', 'Cerda', true, 2024, 'Felix Tinoco', false, '01/05/2001', '11voA'),
('2024.1104.lamm', 'Leonarno', 'Alberto', 'Muñoz', 'Morales', false, 2022, 'Isabel Morales', false, '05/08/2002', '11voA'),
('2025.4571.efbr', 'Emilio', 'Fabian', 'Brenes', 'Rodriguez', true, 2023, 'Noe Brenes', false, '15/03/2002', '10moA'),
('2021.3041.nagm', 'Noelia', 'Abigail', 'Guzmán', 'Martínez', true, 2024, 'Josué Guzman', true, '11/10/2002', '11voA'),
('2019.1000.jarr', 'Jeniffer', 'Alexandra', 'Rojas', 'Ríos', true, 2019, 'Ezequielito Urbina', true, '01/01/2000', '11voA'),
('2024.5568.egcc', 'Escarleth','Guadalupe', 'Chávez', 'Cajina', true, 2024, 'Persona Ficticia', true, '10/05/2009', '9noA'),
('2024.6525.ejhz', 'Edrei','Jerameel', 'Hernández', 'Zapata', true, 2024, 'Persona Ficticia', true, '10/05/2009', '9noA'),
('2024.5426.jjrv', 'Johanny','José', 'Rodríguez', 'Vidaurre', true, 2024, 'Persona Ficticia', true, '10/05/2009', '9noA'),
('2024.7043.zdmb', 'Zoe','Denisse', 'Manzano', 'Bonilla', true, 2024, 'Persona Ficticia', true, '10/05/2009', '9noA'),
('2024.8771.jgvm', 'Joseph','Guillermo', 'Valdivia', 'Montano', true, 2024, 'Persona Ficticia', true, '10/05/2009', '9noA'),
('2024.8480.hjoc', 'Hamiltthon','José', 'Osorio', 'Castillo', true, 2024, 'Persona Ficticia', true, '10/05/2009', '9noA'),
('2024.7478.jatm', 'Jeanelly','Anasereth', 'Tercero', 'Martinez', true, 2024, 'Persona Ficticia', true, '10/05/2009', '9noA'),
('2024.4469.rlmr', 'Rossmery','Leonor', 'Moreno', 'Reyes', true, 2024, 'Persona Ficticia', true, '10/05/2009', '9noA'),
('2024.5150.jdpu', 'Josué','David', 'Pérez', 'Urbina', true, 2024, 'Persona Ficticia', true, '10/05/2009', '9noA'),
('2024.6885.bfrp', 'Brittany','Fabiola', 'Reyes', 'Pantoja', true, 2024, 'Persona Ficticia', true, '10/05/2009', '9noA'),
('2024.5594.lirz', 'Luciana','Isabel', 'Romero', 'Zepeda', true, 2024, 'Persona Ficticia', true, '10/05/2009', '9noA'),
('2024.5024.jjuc', 'Jordan','Jesús', 'Urtecho', 'Caballero', true, 2024, 'Persona Ficticia', true, '10/05/2009', '9noA'),
('2024.6638.jdgg', 'Jorgleny','Dayanna', 'Guerrero', 'García', true, 2024, 'Persona Ficticia', true, '10/05/2009', '9noA'),
('2024.5366.snlr', 'Snayder','Noe', 'Leiva', 'Rivera', true, 2024, 'Persona Ficticia', true, '10/05/2009', '9noA'),
('2024.8843.ygss', 'Yasmin','Guisell', 'Salazar', 'Silva', true, 2024, 'Persona Ficticia', true, '10/05/2009', '9noA'),
('2024.2577.vjfc', 'Valeria','Jael', 'Flores', 'Cardenas', true, 2024, 'Persona Ficticia', true, '10/05/2009', '9noA'),
('2024.4900.kaoc', 'Kenneth','Alexander', 'Ocampo', 'Castillo', true, 2024, 'Persona Ficticia', true, '10/05/2009', '9noA'),
('2024.4199.dmng', 'Delia','Mariana', 'Nájera', 'García', true, 2024, 'Persona Ficticia', true, '10/05/2009', '9noA'),
('2024.4178.list', 'Lucia','Isabel', 'Silva', 'Teran', true, 2024, 'Persona Ficticia', true, '10/05/2009', '9noA'),
('2024.2567.calg', 'Clarisa','Abigaíl', 'López', 'Guzman', true, 2024, 'Persona Ficticia', true, '10/05/2009', '9noA'),
('2024.6625.fvag', 'Francys','Victoria', 'Altamirano', 'Gonzales', true, 2024, 'Persona Ficticia', true, '10/05/2009', '9noA'),
('2024.7362.jeml', 'Joseph','Eduardo', 'Molina', 'Lara', true, 2024, 'Persona Ficticia', true, '10/05/2009', '9noA'),
('2024.7815.jasb', 'Jesser','Adrian', 'Sánchez', 'Bustos', true, 2024, 'Persona Ficticia', true, '10/05/2009', '9noA'),
('2024.4254.aacg', 'Alvaro','Alberto', 'Campos', 'Gónzales', true, 2024, 'Persona Ficticia', true, '10/05/2009', '9noA'),
('2024.5399.ammr', 'Aura','María', 'Mojica', 'Rivas', true, 2024, 'Persona Ficticia', true, '10/05/2009', '9noA'),
('2024.8231.gens', 'Gabriel','Eleazar', 'Navarrete', 'Sandino', true, 2024, 'Persona Ficticia', true, '10/05/2009', '9noA'),
('2024.2351.jbjt', 'Joharis','Belén', 'Jarquin', 'Téllez', true, 2024, 'Persona Ficticia', true, '10/05/2009', '9noA'),
('2024.2360.sgas', 'Sandra','Gema', 'Aburto', 'Sánchez', true, 2024, 'Persona Ficticia', true, '10/05/2009', '9noA'),
('2024.4812.ajca', 'Azucena','Jazmín', 'Canales', 'Aburto', true, 2024, 'Persona Ficticia', true, '10/05/2009', '9noA'),
('2024.6176.lfca', 'Luiz','Fernando', 'Cruz', 'Arauz', true, 2024, 'Persona Ficticia', true, '10/05/2009', '9noA'),
('2024.8558.lavl', 'Logan','Antonio', 'Vega', 'López', true, 2024, 'Persona Ficticia', true, '10/05/2009', '9noA'),
('2024.3514.kvau', 'Karellys','Valeria', 'Aviles', 'Urbina', true, 2024, 'Persona Ficticia', true, '10/05/2009', '9noA'),
('2024.7152.rfrc', 'Reymar','Fabian', 'Romero', 'Cerna', true, 2024, 'Persona Ficticia', true, '10/05/2009', '9noA'),
('2024.4243.ejpu', 'Eduardo','Jose', 'Palacios', 'Urbina', true, 2024, 'Persona Ficticia', true, '10/05/2009', '9noA'),
('2024.6361.ldnl', 'Lauren','David', 'Navarrete', 'Lopez', true, 2024, 'Persona Ficticia', true, '10/05/2009', '9noA'),
('2024.4940.jsar', 'Javier','Sebastian', 'Aburto', 'Romero', true, 2024, 'Persona Ficticia', true, '10/05/2009', '9noA'),
('2024.3710.rosu', 'Rosibel','Otero', 'Salgado', 'Urbina', true, 2024, 'Persona Ficticia', true, '10/05/2009', '9noA'),
('2024.8969.eyca', 'Esdras','Yahir', 'Cerda', 'Artola', true, 2024, 'Persona Ficticia', true, '10/05/2009', '9noA'),
('2024.5499.galz', 'Guillermo','Alejandro', 'Loredo', 'Zeledon', true, 2024, 'Persona Ficticia', true, '10/05/2009', '9noA'),
('2024.6401.cagu', 'Cesar','Antonio', 'Gomez', 'Urbina', true, 2024, 'Persona Ficticia', true, '10/05/2009', '9noA'),
('2024.7300.evvl', 'Escarleth','Valeska', 'Viales', 'Lopez', true, 2024, 'Persona Ficticia', true, '10/05/2009', '9noA'),
('2024.2854.jacc', 'Jose','Angel', 'Castillo', 'Chamorro', true, 2024, 'Persona Ficticia', true, '10/05/2009', '9noA'),
('2024.4446.eyba', 'Engel','Yael', 'Bustos', 'Alcocer', true, 2024, 'Persona Ficticia', true, '10/05/2009', '9noA'),
('2024.2423.gjvr', 'Greybin','Jose', 'Vallarreal', 'Reyes', true, 2024, 'Persona Ficticia', true, '10/05/2009', '9noA'),
('2024.6968.mapa', 'Miguel','Angel', 'Perez', 'Amador', true, 2024, 'Persona Ficticia', true, '10/05/2009', '9noA'),
('2024.4142.daag', 'Douglas','Alejandro', 'Amaya', 'Gutierrez', true, 2024, 'Persona Ficticia', true, '10/05/2009', '9noA'),
('2024.7730.ijog', 'Isael','Josue', 'Ocaqmpo', 'Garcia', true, 2024, 'Persona Ficticia', true, '10/05/2009', '9noA'),
('2024.7286.ciss', 'Cristopher','Ismael', 'Shellevy', 'Sandoval', true, 2024, 'Persona Ficticia', true, '10/05/2009', '9noA'),
('2024.3823.sacl', 'Selim','Alejandro', 'Cardoza', 'Lopez', true, 2024, 'Persona Ficticia', true, '10/05/2009', '9noA'),
('2024.8141.cggs', 'Claudia','Guadalupe', 'Gutierrez', 'Sanchez', true, 2024, 'Persona Ficticia', true, '10/05/2009', '9noA'),
('2024.2410.jcgs', 'Juan','Carlos', 'Guevara', 'Sanchéz', true, 2024, 'Persona Ficticia', true, '10/05/2009', '9noA'),
('2024.2255.fgmr', 'Fernanda','Guadalupe', 'Martinez', 'Rodriguez', true, 2024, 'Persona Ficticia', true, '10/05/2009', '9noA'),
('2024.5942.tavr', 'Thiago','Aldair', 'Vallecillo', 'Rojas', true, 2024, 'Persona Ficticia', true, '10/05/2009', '9noA'),
('2024.4774.mtph', 'Marcela','Tatiana', 'Pérez', 'Herrera', true, 2024, 'Persona Ficticia', true, '10/05/2009', '9noA'),
('2024.4385.srbc', 'Sadac','Rivardo', 'Blandon', 'Cruz', true, 2024, 'Persona Ficticia', true, '10/05/2009', '9noA'),
('2024.3970.ayaa', 'Anderson','Yahir', 'Aguirre', 'Avellán', true, 2024, 'Persona Ficticia', true, '10/05/2009', '9noA'),
('2024.8241.inag', 'Isaac','Neftalí', 'Amador', 'Gutiérrez', true, 2024, 'Persona Ficticia', true, '10/05/2009', '9noA'),
('2024.2187.lácc', 'Luis','Ángel', 'Cruz', 'Centeno', true, 2024, 'Persona Ficticia', true, '10/05/2009', '9noA'),
('2024.4078.eopf', 'Erick','Omar', 'Perez', 'Fernandez', true, 2024, 'Persona Ficticia', true, '10/05/2009', '9noA'),
('2024.5752.cgos', 'Cristhel','Guadalupe', 'Osorno', 'Sanchez', true, 2024, 'Persona Ficticia', true, '10/05/2009', '9noA'),
('2024.4782.dpmg', 'Delía','Paola', 'Mejía', 'Guevara', true, 2024, 'Persona Ficticia', true, '10/05/2009', '9noA'),
('2024.7404.disg', 'Daniel','Isaías', 'Sánchez', 'Gonzalez', true, 2024, 'Persona Ficticia', true, '10/05/2009', '9noA'),
('2024.5026.yaom', 'Yeycon','Aaron', 'Ortiz', 'Monterrey', true, 2024, 'Persona Ficticia', true, '10/05/2009', '9noA'),
('2024.7476.rshr', 'Ryan','Stive', 'Hernández', 'Romero', true, 2024, 'Persona Ficticia', true, '10/05/2009', '9noA'),
('2024.3740.ixce', 'Itzel','Ximena', 'Cruz', 'Esteban', true, 2024, 'Persona Ficticia', true, '10/05/2009', '9noA'),
('2024.7585.abtv', 'Alejandro','Blanco', 'Tapia', 'Valerio', true, 2024, 'Persona Ficticia', true, '10/05/2009', '9noA'),
('2024.4318.oawv', 'Omar','Ali', 'Widdy', 'Valerio', true, 2024, 'Persona Ficticia', true, '10/05/2009', '9noA'),
('2024.2851.seou', 'Said','Ezequiel', 'Obando', 'Useda', true, 2024, 'Persona Ficticia', true, '10/05/2009', '9noA'),
('2024.3923.mjls', 'Milton','Josue', 'López', 'Sánchez', true, 2024, 'Persona Ficticia', true, '10/05/2009', '9noA'),
('2024.5835.issp', 'Ivania','Sofia', 'Serrano', 'Perez', true, 2024, 'Persona Ficticia', true, '10/05/2009', '9noA'),
('2024.3644.jaba', 'Juan','Alejandro', 'Baez', 'Amador', true, 2024, 'Persona Ficticia', true, '10/05/2009', '9noA'),
('2024.5236.jegv', 'Jafet','Eleazar', 'Gaitan', 'Valle', true, 2024, 'Persona Ficticia', true, '10/05/2009', '9noA'),
('2024.2689.mgfd', 'Mayreling','Guadalupe', 'Fernández', 'Duarte', true, 2024, 'Persona Ficticia', true, '10/05/2009', '9noA'),
('2024.2951.smar', 'Stefany','Maria', 'Artiles', 'Reyes', true, 2024, 'Persona Ficticia', true, '10/05/2009', '9noA'),
('2024.2142.dlrd', 'Daniel','Luis', 'Rosales', 'Diaz', true, 2024, 'Persona Ficticia', true, '10/05/2009', '9noA'),
('2024.5726.rfnl', 'Ricardo','Fernando', 'Navarro', 'Lopez', true, 2024, 'Persona Ficticia', true, '10/05/2009', '9noA'),
('2024.4083.maze', 'Mateo','Alejandro', 'Zapata', 'Espinoza', true, 2024, 'Persona Ficticia', true, '10/05/2009', '9noA'),
('2024.8510.legv', 'Leonardo','Elias', 'Garcia', 'Vasquez', true, 2024, 'Persona Ficticia', true, '10/05/2009', '9noA'),
('2024.8214.efrd', 'Esneyder','Francisco', 'Rodriguez', 'Davila', true, 2024, 'Persona Ficticia', true, '10/05/2009', '9noA'),
('2024.6622.dygm', 'Diego','Yuriel', 'Gonzalez', 'Montenegro', true, 2024, 'Persona Ficticia', true, '10/05/2009', '9noA'),
('2024.2457.acza', 'Arenmateo','Chavarria', 'Zeledon', 'Aviles', true, 2024, 'Persona Ficticia', true, '10/05/2009', '9noA'),
('2024.2664.jcba', 'Juan','Camilo', 'Brizuela', 'Aviles', true, 2024, 'Persona Ficticia', true, '10/05/2009', '9noA'),
('2024.2434.yaag', 'Yasuara','Alissandra', 'Alvarez', 'Garay', true, 2024, 'Persona Ficticia', true, '10/05/2009', '9noA'),
('2024.7886.msbc', 'Michael','Stefan', 'Berrios', 'Cuadra', true, 2024, 'Persona Ficticia', true, '10/05/2009', '9noA'),
('2024.5620.jjmb', 'Jesling','Janixa', 'Montano', 'Bolaños', true, 2024, 'Persona Ficticia', true, '10/05/2009', '9noA'),
('2024.5441.nslr', 'Nicolle','Saraí', 'López', 'Romero', true, 2024, 'Persona Ficticia', true, '10/05/2009', '9noA'),
('2024.4189.fmap', 'Fernando','Mateo', 'Alvarez', 'Padilla', true, 2024, 'Persona Ficticia', true, '10/05/2009', '9noA'),
('2024.8402.evjb', 'Eduardo','Valentino', 'Juarez', 'Balmaceda', true, 2024, 'Persona Ficticia', true, '10/05/2009', '9noA'),
('2024.6506.igoc', 'Isabel','Guadalupe', 'Osejo', 'Cardenas', true, 2024, 'Persona Ficticia', true, '10/05/2009', '9noA'),
('2024.7863.asgs', 'Alba','Sarahí', 'González', 'Sánchez', true, 2024, 'Persona Ficticia', true, '10/05/2009', '9noA'),
('2024.8793.jalp', 'Josue','Antonio', 'López', 'Ponce', true, 2024, 'Persona Ficticia', true, '10/05/2009', '9noA'),
('2024.8381.cdcf', 'Cristopher','Daniel', 'Cisne', 'Flores', true, 2024, 'Persona Ficticia', true, '10/05/2009', '9noA'),
('2024.7714.agar', 'Alberto','Gabriel', 'Aragon', 'Ruiz', true, 2024, 'Persona Ficticia', true, '10/05/2009', '9noA'),
('2024.2163.ajct', 'Angel','Jossueph', 'Castillo', 'Tenorio', true, 2024, 'Persona Ficticia', true, '10/05/2009', '9noA'),
('2024.5640.derm', 'Dylan','Enoc', 'Ricco', 'Mantilla', true, 2024, 'Persona Ficticia', true, '10/05/2009', '9noA'),
('2024.4387.jaog', 'Josue','Adalberto', 'Olivas', 'Gonzalez', true, 2024, 'Persona Ficticia', true, '10/05/2009', '9noA'),
('2024.7968.bess', 'Bryan','Eliézer', 'Sánchez', 'Solís', true, 2024, 'Persona Ficticia', true, '10/05/2009', '9noA'),
('2024.5082.maev', 'Marcela','Alexandra', 'Espino', 'Vallecillo', true, 2024, 'Persona Ficticia', true, '10/05/2009', '9noA'),
('2024.5578.jimh', 'Jarvin','Isaac', 'Medrano', 'Hernández', true, 2024, 'Persona Ficticia', true, '10/05/2009', '9noA'),
('2024.4016.myrm', 'Marvin','Yadiel', 'Rayo', 'Martinez', true, 2024, 'Persona Ficticia', true, '10/05/2009', '9noA'),
('2024.3403.fjph', 'Fernando','José', 'Pupiro', 'Hernández', true, 2024, 'Persona Ficticia', true, '10/05/2009', '9noA'),
('2024.7397.nchh', 'Nahomy','Camila', 'Hernández', 'Hernández', true, 2024, 'Persona Ficticia', true, '10/05/2009', '9noA'),
('2024.7298.bemr', 'Bryan','Enrique', 'Mejia', 'Romano', true, 2024, 'Persona Ficticia', true, '10/05/2009', '9noA'),
('2024.7441.admr', 'Angel','David', 'Martinez', 'Rodriguez', true, 2024, 'Persona Ficticia', true, '10/05/2009', '9noA'),
('2024.4345.jacz', 'José','Andrés', 'Chavarría', 'Zeledón', true, 2024, 'Persona Ficticia', true, '10/05/2009', '9noA'),
('2024.7074.edla', 'Esther','De', 'Los', 'Angeles', true, 2024, 'Persona Ficticia', true, '10/05/2009', '9noA'),
('2024.3204.arbs', 'Andrea','Renee', 'Berrios', 'Sarria', true, 2024, 'Persona Ficticia', true, '10/05/2009', '9noA'),
('2024.7137.ksgs', 'Kenny','Santiago', 'Gutierrez', 'Soto', true, 2024, 'Persona Ficticia', true, '10/05/2009', '9noA'),
('2024.3256.encr', 'Elizabeth','Nayeli', 'Cuadra', 'Rodriguez', true, 2024, 'Persona Ficticia', true, '10/05/2009', '9noA'),
('2024.3584.rmqg', 'Ruth','Marina', 'Quintanilla', 'Gutierrez', true, 2024, 'Persona Ficticia', true, '10/05/2009', '9noA'),
('2024.5973.macv', 'Miguel','Angel', 'Calderon', 'Vásquez', true, 2024, 'Persona Ficticia', true, '10/05/2009', '9noA'),
('2024.4761.ojgs', 'Osmara','Janeth', 'González', 'Sequeira', true, 2024, 'Persona Ficticia', true, '10/05/2009', '9noA'),
('2024.7523.ldap', 'Lupita','D', 'Andrea', 'Picado', true, 2024, 'Persona Ficticia', true, '10/05/2009', '9noA'),
('2024.6644.jhal', 'Joyce','Hefzi-Bá', 'Amador', 'Luna', true, 2024, 'Persona Ficticia', true, '10/05/2009', '9noA'),
('2024.3949.casb', 'Clarissel','Azalia', 'Soza', 'Bravo', true, 2024, 'Persona Ficticia', true, '10/05/2009', '9noA'),
('2024.6540.brla', 'Brunno','Rafael', 'Lacayo', 'Alaniz', true, 2024, 'Persona Ficticia', true, '10/05/2009', '9noA'),
('2024.8860.bsoo', 'Benedick','Samuel', 'Oporta', 'Ordeñana', true, 2024, 'Persona Ficticia', true, '10/05/2009', '9noA'),
('2024.2098.gacs', 'Gabriel','Alexander', 'Campos', 'Sanchez', true, 2024, 'Persona Ficticia', true, '10/05/2009', '9noA'),
('2024.5981.ldla', 'Leandro','Daniel', 'Lopez', 'Aguilar', true, 2024, 'Persona Ficticia', true, '10/05/2009', '9noA'),
('2024.2489.mjor', 'Mateo','Javier', 'Oviedo', 'Rocha', true, 2024, 'Persona Ficticia', true, '10/05/2009', '9noA'),
('2024.4107.sabs', 'Sebastian','Alejandro', 'Briceño', 'Salaverry', true, 2024, 'Persona Ficticia', true, '10/05/2009', '9noA'),
('2024.3912.sdjq', 'Samuel','De', 'Jesús', 'Quedo', true, 2024, 'Persona Ficticia', true, '10/05/2009', '9noA'),
('2024.2264.bgrm', 'Brissa','Gabriela', 'Ruiz', 'Mejía', true, 2024, 'Persona Ficticia', true, '10/05/2009', '9noA'),
('2024.8267.mtvr', 'Mateo','Téllez', 'Vásquez', 'Ruiz', true, 2024, 'Persona Ficticia', true, '10/05/2009', '9noA'),
('2024.2680.ejgr', 'Edgard','José', 'García', 'Ruiz', true, 2024, 'Persona Ficticia', true, '10/05/2009', '9noA'),
('2024.6086.mjcr', 'Marvin','José', 'Cisneros', 'Rocha', true, 2024, 'Persona Ficticia', true, '10/05/2009', '9noA'),
('2024.4972.jdcs', 'Jose','David', 'Chavarria', 'Salinas', true, 2024, 'Persona Ficticia', true, '10/05/2009', '9noA'),
('2024.5299.kshr', 'Karla','Solanchys', 'Huete', 'Ríos', true, 2024, 'Persona Ficticia', true, '10/05/2009', '9noA'),
('2024.8758.legc', 'Luis','Eduardo', 'González', 'Camacho', true, 2024, 'Persona Ficticia', true, '10/05/2009', '9noA'),
('2024.2072.ierm', 'Isai','Enmanuel', 'Rios', 'Mojica', true, 2024, 'Persona Ficticia', true, '10/05/2009', '9noA'),
('2024.7261.olbg', 'Oscar','Leonel', 'Bonilla', 'González', true, 2024, 'Persona Ficticia', true, '10/05/2009', '9noA'),
('2024.6902.agrm', 'Azuharys','Gabriela', 'Rodriguez', 'Montano', true, 2024, 'Persona Ficticia', true, '10/05/2009', '9noA'),
('2024.7488.asrr', 'Ashly','Sofía', 'Rojas', 'Ruiz', true, 2024, 'Persona Ficticia', true, '10/05/2009', '9noA'),
('2024.8612.xfag', 'Xiao','Francheska', 'Altamirano', 'Gonzalez', true, 2024, 'Persona Ficticia', true, '10/05/2009', '9noA'),
('2024.2321.gmsm', 'Gredmarie','Monserrat', 'Salmeron', 'Martinez', true, 2024, 'Persona Ficticia', true, '10/05/2009', '9noA'),
('2024.7215.ejcz', 'Ernesto','Jesús', 'Chavarría', 'Zeledón', true, 2024, 'Persona Ficticia', true, '10/05/2009', '9noA'),
('2024.7101.mvog', 'Mateo','Valentín', 'Obando', 'Gomez', true, 2024, 'Persona Ficticia', true, '10/05/2009', '9noA'),
('2024.5777.jmmf', 'Jose','Manuel', 'Mena', 'Fonceca', true, 2024, 'Persona Ficticia', true, '10/05/2009', '9noA'),
('2024.7982.eacg', 'Elias','Adrian', 'Cano', 'Gomez', true, 2024, 'Persona Ficticia', true, '10/05/2009', '9noA'),
('2024.5265.klcj', 'Kinveling','Luziel', 'Cruz', 'Jarquín', true, 2024, 'Persona Ficticia', true, '10/05/2009', '9noA'),
('2024.6230.birg', 'Brittany','Isabella', 'Rosales', 'Gonzalez', true, 2024, 'Persona Ficticia', true, '10/05/2009', '9noA'),
('2024.4093.pmst', 'Paola','Marie', 'Siles', 'Talavera', true, 2024, 'Persona Ficticia', true, '10/05/2009', '9noA'),
('2024.4011.aags', 'Alexandra','Abigail', 'Gonzalez', 'Santamaria', true, 2024, 'Persona Ficticia', true, '10/05/2009', '9noA'),
('2024.3943.lrmb', 'Leonardo','Ramsés', 'Mejía', 'Baltodano', true, 2024, 'Persona Ficticia', true, '10/05/2009', '9noA'),
('2024.6510.isbu', 'Ian','Slash', 'Brenes', 'Uriarte', true, 2024, 'Persona Ficticia', true, '10/05/2009', '9noA'),
('2024.5041.rast', 'Renato','Andrés', 'Silva', 'Terán', true, 2024, 'Persona Ficticia', true, '10/05/2009', '9noA'),
('2024.3540.rjlr', 'Rayhan','Jhoao', 'Leytón', 'Rivera', true, 2024, 'Persona Ficticia', true, '10/05/2009', '9noA'),
('2024.3941.ggdm', 'Giobelly','Gabriela', 'Durán', 'Madrigal', true, 2024, 'Persona Ficticia', true, '10/05/2009', '9noA'),
('2024.8880.arrc', 'Allison','Rebeca', 'Rivera', 'Calero', true, 2024, 'Persona Ficticia', true, '10/05/2009', '9noA'),
('2024.7105.micr', 'María','Isabella', 'Castillo', 'Reyes', true, 2024, 'Persona Ficticia', true, '10/05/2009', '9noA'),
('2024.7553.mdjg', 'Moisés','De', 'Jesús', 'González', true, 2024, 'Persona Ficticia', true, '10/05/2009', '9noA'),
('2024.7033.jocc', 'Jansel','Omar', 'Cruz', 'Centeno', true, 2024, 'Persona Ficticia', true, '10/05/2009', '9noA'),
('2024.7911.sacg', 'Sebastián','Alexander', 'Centeno', 'Gutiérrez', true, 2024, 'Persona Ficticia', true, '10/05/2009', '9noA'),
('2024.8305.ommu', 'Odalys','Michelle', 'Martínez', 'Urbina', true, 2024, 'Persona Ficticia', true, '10/05/2009', '9noA'),
('2024.2034.damú', 'Daniela','Alejandra', 'Martínez', 'Úbeda', true, 2024, 'Persona Ficticia', true, '10/05/2009', '9noA'),
('2024.3625.avoc', 'Anthony','Victor', 'Ochoa', 'Castro', true, 2024, 'Persona Ficticia', true, '10/05/2009', '9noA'),
('2024.6284.gecc', 'Gabriel','Eduardo', 'Centeno', 'Cardoza', true, 2024, 'Persona Ficticia', true, '10/05/2009', '9noA'),
('2024.7347.mjam', 'Melvin','José', 'Antonio', 'Morales', true, 2024, 'Persona Ficticia', true, '10/05/2009', '9noA'),
('2024.4513.sabl', 'Sharloth','Abiud', 'Bello', 'Lopez', true, 2024, 'Persona Ficticia', true, '10/05/2009', '9noA'),
('2024.6757.nsaq', 'Nathaly','Sophia', 'Alvarez', 'Quijano', true, 2024, 'Persona Ficticia', true, '10/05/2009', '9noA'),
('2024.2660.bmsr', 'Brisa','Marina', 'Sanchez', 'Rojas', true, 2024, 'Persona Ficticia', true, '10/05/2009', '9noA'),
('2024.6850.bhpa', 'Bradley','Hamilton', 'Padilla', 'Alemán', true, 2024, 'Persona Ficticia', true, '10/05/2009', '9noA'),
('2024.2859.faeg', 'Félix','Alberto', 'Espinoza', 'Guerrero', true, 2024, 'Persona Ficticia', true, '10/05/2009', '9noA'),
('2024.7904.wmbd', 'William','Manuel', 'Ballesteros', 'Delgadillo', true, 2024, 'Persona Ficticia', true, '10/05/2009', '9noA'),
('2024.8444.fmvr', 'Fabiana','Michelle', 'Vallecillo', 'Rojas', true, 2024, 'Persona Ficticia', true, '10/05/2009', '9noA'),
('2024.7026.nszl', 'Nahomi','Saraí', 'Zúñiga', 'López', true, 2024, 'Persona Ficticia', true, '10/05/2009', '9noA'),
('2024.5868.lamm', 'Leonardo','Alberto', 'Muñoz', 'Morales', true, 2024, 'Persona Ficticia', true, '10/05/2009', '9noA'),
('2024.7210.gsbr', 'Gerald','Samuel', 'Bendaña', 'Romero', true, 2024, 'Persona Ficticia', true, '10/05/2009', '9noA'),
('2024.4930.dfrr', 'Diego','Fernando', 'Ruiz', 'Ruiz', true, 2024, 'Persona Ficticia', true, '10/05/2009', '9noA');




insert into accounting.student (studentid, discountid) values
('2024.0478.kjtc', 3),
('2024.1104.lamm', 2),
('2025.4571.efbr', 2),
('2021.3041.nagm', 3),
('2019.1000.jarr', 1),
('2024.5568.egcc', 1),
('2024.6525.ejhz', 1),
('2024.5426.jjrv', 1),
('2024.7043.zdmb', 1),
('2024.8771.jgvm', 1),
('2024.8480.hjoc', 1),
('2024.7478.jatm', 1),
('2024.4469.rlmr', 1),
('2024.5150.jdpu', 1),
('2024.6885.bfrp', 1),
('2024.5594.lirz', 1),
('2024.5024.jjuc', 1),
('2024.6638.jdgg', 1),
('2024.5366.snlr', 1),
('2024.8843.ygss', 1),
('2024.2577.vjfc', 1),
('2024.4900.kaoc', 1),
('2024.4199.dmng', 1),
('2024.4178.list', 1),
('2024.2567.calg', 1),
('2024.6625.fvag', 1),
('2024.7362.jeml', 1),
('2024.7815.jasb', 1),
('2024.4254.aacg', 1),
('2024.5399.ammr', 1),
('2024.8231.gens', 1),
('2024.2351.jbjt', 1),
('2024.2360.sgas', 1),
('2024.4812.ajca', 1),
('2024.6176.lfca', 1),
('2024.8558.lavl', 1),
('2024.3514.kvau', 1),
('2024.7152.rfrc', 1),
('2024.4243.ejpu', 1),
('2024.6361.ldnl', 1),
('2024.4940.jsar', 1),
('2024.3710.rosu', 1),
('2024.8969.eyca', 1),
('2024.5499.galz', 1),
('2024.6401.cagu', 1),
('2024.7300.evvl', 1),
('2024.2854.jacc', 1),
('2024.4446.eyba', 1),
('2024.2423.gjvr', 1),
('2024.6968.mapa', 1),
('2024.4142.daag', 1),
('2024.7730.ijog', 1),
('2024.7286.ciss', 1),
('2024.3823.sacl', 1),
('2024.8141.cggs', 1),
('2024.2410.jcgs', 1),
('2024.2255.fgmr', 1),
('2024.5942.tavr', 1),
('2024.4774.mtph', 1),
('2024.4385.srbc', 1),
('2024.3970.ayaa', 1),
('2024.8241.inag', 1),
('2024.2187.lácc', 1),
('2024.4078.eopf', 1),
('2024.5752.cgos', 1),
('2024.4782.dpmg', 1),
('2024.7404.disg', 1),
('2024.5026.yaom', 1),
('2024.7476.rshr', 1),
('2024.3740.ixce', 1),
('2024.7585.abtv', 1),
('2024.4318.oawv', 1),
('2024.2851.seou', 1),
('2024.3923.mjls', 1),
('2024.5835.issp', 1),
('2024.3644.jaba', 1),
('2024.5236.jegv', 1),
('2024.2689.mgfd', 1),
('2024.2951.smar', 1),
('2024.2142.dlrd', 1),
('2024.5726.rfnl', 1),
('2024.4083.maze', 1),
('2024.8510.legv', 1),
('2024.8214.efrd', 1),
('2024.6622.dygm', 1),
('2024.2457.acza', 1),
('2024.2664.jcba', 1),
('2024.2434.yaag', 1),
('2024.7886.msbc', 1),
('2024.5620.jjmb', 1),
('2024.5441.nslr', 1),
('2024.4189.fmap', 1),
('2024.8402.evjb', 1),
('2024.6506.igoc', 1),
('2024.7863.asgs', 1),
('2024.8793.jalp', 1),
('2024.8381.cdcf', 1),
('2024.7714.agar', 1),
('2024.2163.ajct', 1),
('2024.5640.derm', 1),
('2024.4387.jaog', 1),
('2024.7968.bess', 1),
('2024.5082.maev', 1),
('2024.5578.jimh', 1),
('2024.4016.myrm', 1),
('2024.3403.fjph', 1),
('2024.7397.nchh', 1),
('2024.7298.bemr', 1),
('2024.7441.admr', 1),
('2024.4345.jacz', 1),
('2024.7074.edla', 1),
('2024.3204.arbs', 1),
('2024.7137.ksgs', 1),
('2024.3256.encr', 1),
('2024.3584.rmqg', 1),
('2024.5973.macv', 1),
('2024.4761.ojgs', 1),
('2024.7523.ldap', 1),
('2024.6644.jhal', 1),
('2024.3949.casb', 1),
('2024.6540.brla', 1),
('2024.8860.bsoo', 1),
('2024.2098.gacs', 1),
('2024.5981.ldla', 1),
('2024.2489.mjor', 1),
('2024.4107.sabs', 1),
('2024.3912.sdjq', 1),
('2024.2264.bgrm', 1),
('2024.8267.mtvr', 1),
('2024.2680.ejgr', 1),
('2024.6086.mjcr', 1),
('2024.4972.jdcs', 1),
('2024.5299.kshr', 1),
('2024.8758.legc', 1),
('2024.2072.ierm', 1),
('2024.7261.olbg', 1),
('2024.6902.agrm', 1),
('2024.7488.asrr', 1),
('2024.8612.xfag', 1),
('2024.2321.gmsm', 1),
('2024.7215.ejcz', 1),
('2024.7101.mvog', 1),
('2024.5777.jmmf', 1),
('2024.7982.eacg', 1),
('2024.5265.klcj', 1),
('2024.6230.birg', 1),
('2024.4093.pmst', 1),
('2024.4011.aags', 1),
('2024.3943.lrmb', 1),
('2024.6510.isbu', 1),
('2024.5041.rast', 1),
('2024.3540.rjlr', 1),
('2024.3941.ggdm', 1),
('2024.8880.arrc', 1),
('2024.7105.micr', 1),
('2024.7553.mdjg', 1),
('2024.7033.jocc', 1),
('2024.7911.sacg', 1),
('2024.8305.ommu', 1),
('2024.2034.damú', 1),
('2024.3625.avoc', 1),
('2024.6284.gecc', 1),
('2024.7347.mjam', 1),
('2024.4513.sabl', 1),
('2024.6757.nsaq', 1),
('2024.2660.bmsr', 1),
('2024.6850.bhpa', 1),
('2024.2859.faeg', 1),
('2024.7904.wmbd', 1),
('2024.8444.fmvr', 1),
('2024.7026.nszl', 1),
('2024.5868.lamm', 1),
('2024.7210.gsbr', 1),
('2024.4930.dfrr', 1);
